{"SkinThickness x BMI": 0.6257271968548007, "Glucose x Insulin": 0.615888281230303, "Pregnancies x Age": 0.4989793709897104, "Glucose x Outcome": 0.4804246726925264, "BloodPressure x Age": 0.31787462204913036, "BMI x Outcome": 0.3081322355349954, "Insulin x BMI": 0.2825297035428602, "Insulin x Outcome": 0.27433205939585387, "SkinThickness x Outcome": 0.2528704037182045, "BloodPressure x BMI": 0.2257174656607666, "Glucose x SkinThickness": 0.22264517795345173, "Glucose x BMI": 0.2222142303630038, "Insulin x DiabetesPedigreeFunction": 0.21955336738285844, "Glucose x Age": 0.20226587475904523, "Glucose x BloodPressure": 0.2012054116803759, "Pregnancies x BloodPressure": 0.19271597932784618, "SkinThickness x Insulin": 0.1911576014480691, "Pregnancies x Outcome": 0.18540009809987534, "DiabetesPedigreeFunction x Outcome": 0.17198380100819727, "Age x Outcome": 0.1718503525753842, "BloodPressure x SkinThickness": 0.16087044790188756, "SkinThickness x Age": 0.1601594239633505, "Glucose x DiabetesPedigreeFunction": 0.14154797820321996, "BMI x DiabetesPedigreeFunction": 0.13917961611089105, "BloodPressure x Outcome": 0.09940892629407762, "Pregnancies x SkinThickness": 0.08559437699006268, "Pregnancies x Glucose": 0.07734364535194703, "SkinThickness x DiabetesPedigreeFunction": 0.07438675989703113, "BloodPressure x Insulin": 0.07165911846356138, "Insulin x Age": 0.03619181635471412, "Pregnancies x BMI": 0.025920088550443098, "DiabetesPedigreeFunction x Age": 0.025712593283478153, "BMI x Age": -0.006016446197614896, "BloodPressure x DiabetesPedigreeFunction": -0.006333790822151855, "Pregnancies x Insulin": -0.017372290356601736, "Pregnancies x DiabetesPedigreeFunction": -0.03188070007985596}