{"Pregnancies x Glucose": 0.07734364535194703, "Pregnancies x BloodPressure": 0.19271597932784618, "Pregnancies x SkinThickness": 0.08559437699006268, "Pregnancies x Insulin": -0.017372290356601736, "Pregnancies x BMI": 0.025920088550443098, "Pregnancies x DiabetesPedigreeFunction": -0.03188070007985596, "Pregnancies x Age": 0.4989793709897104, "Pregnancies x Outcome": 0.18540009809987534, "Glucose x Pregnancies": 0.07734364535194704, "Glucose x BloodPressure": 0.2012054116803759, "Glucose x SkinThickness": 0.22264517795345173, "Glucose x Insulin": 0.615888281230303, "Glucose x BMI": 0.2222142303630038, "Glucose x DiabetesPedigreeFunction": 0.14154797820321996, "Glucose x Age": 0.20226587475904523, "Glucose x Outcome": 0.4804246726925264, "BloodPressure x Pregnancies": 0.19271597932784618, "BloodPressure x Glucose": 0.20120541168037592, "BloodPressure x SkinThickness": 0.16087044790188756, "BloodPressure x Insulin": 0.07165911846356138, "BloodPressure x BMI": 0.2257174656607666, "BloodPressure x DiabetesPedigreeFunction": -0.006333790822151855, "BloodPressure x Age": 0.31787462204913036, "BloodPressure x Outcome": 0.09940892629407762, "SkinThickness x Pregnancies": 0.08559437699006268, "SkinThickness x Glucose": 0.22264517795345176, "SkinThickness x BloodPressure": 0.16087044790188756, "SkinThickness x Insulin": 0.1911576014480691, "SkinThickness x BMI": 0.6257271968548007, "SkinThickness x DiabetesPedigreeFunction": 0.07438675989703113, "SkinThickness x Age": 0.1601594239633505, "SkinThickness x Outcome": 0.2528704037182045, "Insulin x Pregnancies": -0.01737229035660174, "Insulin x Glucose": 0.615888281230303, "Insulin x BloodPressure": 0.07165911846356138, "Insulin x SkinThickness": 0.19115760144806906, "Insulin x BMI": 0.2825297035428602, "Insulin x DiabetesPedigreeFunction": 0.21955336738285844, "Insulin x Age": 0.03619181635471412, "Insulin x Outcome": 0.27433205939585387, "BMI x Pregnancies": 0.025920088550443098, "BMI x Glucose": 0.22221423036300383, "BMI x BloodPressure": 0.22571746566076661, "BMI x SkinThickness": 0.6257271968548007, "BMI x Insulin": 0.2825297035428602, "BMI x DiabetesPedigreeFunction": 0.13917961611089105, "BMI x Age": -0.006016446197614896, "BMI x Outcome": 0.3081322355349954, "DiabetesPedigreeFunction x Pregnancies": -0.03188070007985596, "DiabetesPedigreeFunction x Glucose": 0.14154797820321996, "DiabetesPedigreeFunction x BloodPressure": -0.006333790822151856, "DiabetesPedigreeFunction x SkinThickness": 0.07438675989703113, "DiabetesPedigreeFunction x Insulin": 0.2195533673828584, "DiabetesPedigreeFunction x BMI": 0.13917961611089102, "DiabetesPedigreeFunction x Age": 0.025712593283478153, "DiabetesPedigreeFunction x Outcome": 0.17198380100819727, "Age x Pregnancies": 0.49897937098971046, "Age x Glucose": 0.20226587475904523, "Age x BloodPressure": 0.31787462204913036, "Age x SkinThickness": 0.1601594239633505, "Age x Insulin": 0.03619181635471413, "Age x BMI": -0.006016446197614897, "Age x DiabetesPedigreeFunction": 0.02571259328347815, "Age x Outcome": 0.1718503525753842, "Outcome x Pregnancies": 0.18540009809987534, "Outcome x Glucose": 0.4804246726925265, "Outcome x BloodPressure": 0.09940892629407762, "Outcome x SkinThickness": 0.2528704037182046, "Outcome x Insulin": 0.27433205939585387, "Outcome x BMI": 0.30813223553499547, "Outcome x DiabetesPedigreeFunction": 0.1719838010081973, "Outcome x Age": 0.17185035257538417}